-- phpMyAdmin SQL Dump
-- version 4.9.5
-- https://www.phpmyadmin.net/
--
-- Host: localhost
-- Tempo de geração: 02-Set-2021 às 12:54
-- Versão do servidor: 5.7.35
-- versão do PHP: 7.2.34

SET SQL_MODE = "NO_AUTO_VALUE_ON_ZERO";
SET AUTOCOMMIT = 0;
START TRANSACTION;
SET time_zone = "+00:00";


/*!40101 SET @OLD_CHARACTER_SET_CLIENT=@@CHARACTER_SET_CLIENT */;
/*!40101 SET @OLD_CHARACTER_SET_RESULTS=@@CHARACTER_SET_RESULTS */;
/*!40101 SET @OLD_COLLATION_CONNECTION=@@COLLATION_CONNECTION */;
/*!40101 SET NAMES utf8mb4 */;

--
-- Banco de dados: `erp`
--

-- --------------------------------------------------------

--
-- Estrutura da tabela `acessos_site`
--

CREATE TABLE `acessos_site` (
  `id` int(10) NOT NULL,
  `ipcli` varchar(20) NOT NULL,
  `pagina` varchar(20) NOT NULL,
  `data` date NOT NULL,
  `hora` time NOT NULL
) ENGINE=InnoDB DEFAULT CHARSET=latin1;

--
-- Extraindo dados da tabela `acessos_site`
--

INSERT INTO `acessos_site` (`id`, `ipcli`, `pagina`, `data`, `hora`) VALUES
(1, '66.249.64.8', 'Portifólio', '2021-08-19', '14:49:00'),
(2, '179.189.86.161', 'Home', '2021-08-19', '16:35:00'),
(3, '179.189.86.161', 'Home', '2021-08-19', '16:46:00'),
(4, '52.17.82.117', 'Home', '2021-08-19', '18:53:00'),
(5, '179.189.87.155', 'Home', '2021-08-19', '21:13:00'),
(6, '179.189.87.155', 'Portifólio', '2021-08-19', '21:14:00'),
(7, '179.189.87.155', 'Home', '2021-08-19', '21:15:00'),
(8, '179.189.87.155', 'Portifólio', '2021-08-19', '21:15:00'),
(9, '179.189.87.155', 'Portifólio', '2021-08-19', '21:16:00'),
(10, '179.189.87.155', 'Portifólio', '2021-08-19', '21:17:00'),
(11, '179.189.87.155', 'Home', '2021-08-19', '21:17:00'),
(12, '179.189.87.155', 'Home', '2021-08-19', '21:19:00'),
(13, '179.189.87.155', 'Redes', '2021-08-19', '21:19:00'),
(14, '179.189.87.155', 'Home', '2021-08-19', '21:22:00'),
(15, '179.189.95.20', 'Home', '2021-08-19', '21:23:00'),
(16, '54.189.137.187', 'Home', '2021-08-19', '21:40:00'),
(17, '179.189.95.214', 'Home', '2021-08-19', '22:42:00'),
(18, '34.241.206.238', 'Home', '2021-08-19', '23:28:00'),
(19, '34.241.206.238', 'Home', '2021-08-19', '23:41:00'),
(20, '137.226.113.44', 'Home', '2021-08-20', '07:07:00'),
(21, '179.189.86.161', 'Home', '2021-08-20', '07:54:00'),
(22, '179.189.86.161', 'Serviços', '2021-08-20', '07:54:00'),
(23, '179.189.86.161', 'Contato', '2021-08-20', '07:54:00'),
(24, '179.189.86.161', 'Portifólio', '2021-08-20', '07:54:00'),
(25, '179.189.86.161', 'Home', '2021-08-20', '13:15:00'),
(26, '179.189.86.161', 'Home', '2021-08-20', '13:23:00'),
(27, '179.189.86.161', 'Home', '2021-08-20', '15:24:00'),
(28, '114.119.149.183', 'Redes', '2021-08-20', '15:31:00'),
(29, '144.86.173.94', 'Home', '2021-08-20', '16:36:00'),
(30, '144.86.173.19', 'Home', '2021-08-20', '17:15:00'),
(31, '3.250.175.250', 'Home', '2021-08-20', '18:08:00'),
(32, '89.163.252.12', 'Home', '2021-08-20', '18:57:00'),
(33, '179.189.95.20', 'Home', '2021-08-20', '20:42:00'),
(34, '34.210.241.189', 'Home', '2021-08-20', '21:18:00'),
(35, '50.112.138.160', 'Home', '2021-08-20', '21:19:00'),
(36, '35.84.211.125', 'Home', '2021-08-20', '21:20:00'),
(37, '114.119.156.46', 'Home', '2021-08-20', '22:46:00'),
(38, '66.249.66.59', 'Home', '2021-08-21', '05:31:00'),
(39, '92.118.160.61', 'Home', '2021-08-21', '05:36:00'),
(40, '107.174.233.228', 'Home', '2021-08-21', '07:07:00'),
(41, '114.119.156.60', 'Home', '2021-08-21', '10:27:00'),
(42, '92.118.160.5', 'Home', '2021-08-21', '17:19:00'),
(43, '54.191.187.184', 'Home', '2021-08-21', '21:16:00'),
(44, '54.244.4.111', 'Home', '2021-08-21', '21:17:00'),
(45, '18.236.242.106', 'Home', '2021-08-21', '21:19:00'),
(46, '18.133.141.55', 'Home', '2021-08-21', '21:25:00'),
(47, '192.71.126.175', 'Home', '2021-08-21', '22:05:00'),
(48, '92.118.160.41', 'Home', '2021-08-22', '03:01:00'),
(49, '136.243.54.123', 'Home', '2021-08-22', '06:53:00'),
(50, '136.243.54.123', 'Home', '2021-08-22', '06:53:00'),
(51, '136.243.54.123', 'Home', '2021-08-22', '06:53:00'),
(52, '44.197.198.217', 'Home', '2021-08-22', '08:23:00'),
(53, '92.118.160.5', 'Home', '2021-08-22', '11:37:00'),
(54, '179.189.95.20', 'Home', '2021-08-22', '13:10:00'),
(55, '179.189.95.20', 'Home', '2021-08-22', '13:31:00'),
(56, '179.189.95.20', 'Home', '2021-08-22', '17:12:00'),
(57, '173.252.111.4', 'Home', '2021-08-22', '21:49:00'),
(58, '173.252.111.12', 'Home', '2021-08-22', '21:49:00'),
(59, '54.184.170.126', 'Home', '2021-08-22', '21:54:00'),
(60, '54.185.88.230', 'Home', '2021-08-22', '21:54:00'),
(61, '114.119.150.1', 'Serviços', '2021-08-23', '02:49:00'),
(62, '179.189.86.161', 'Home', '2021-08-23', '09:16:00'),
(63, '179.189.86.161', 'Home', '2021-08-23', '09:26:00'),
(64, '92.118.160.45', 'Home', '2021-08-23', '12:44:00'),
(65, '45.129.18.123', 'Home', '2021-08-23', '12:54:00'),
(66, '179.189.86.161', 'Home', '2021-08-23', '13:20:00'),
(67, '179.189.86.161', 'Home', '2021-08-23', '13:25:00'),
(68, '179.189.86.161', 'Home', '2021-08-23', '13:25:00'),
(69, '69.36.160.152', 'Contato', '2021-08-23', '15:43:00'),
(70, '69.36.160.152', 'Contato', '2021-08-23', '15:43:00'),
(71, '3.249.140.190', 'Home', '2021-08-23', '18:33:00'),
(72, '91.240.109.1', 'Home', '2021-08-23', '20:30:00'),
(73, '179.189.95.20', 'Home', '2021-08-23', '20:59:00'),
(74, '34.221.13.71', 'Home', '2021-08-23', '21:07:00'),
(75, '35.85.48.139', 'Home', '2021-08-23', '21:07:00'),
(76, '196.242.84.165', 'Home', '2021-08-23', '23:26:00'),
(77, '23.95.204.148', 'Contato', '2021-08-23', '23:26:00'),
(78, '23.95.204.148', 'Contato', '2021-08-23', '23:26:00'),
(79, '92.118.160.37', 'Home', '2021-08-24', '02:00:00'),
(80, '162.55.190.75', 'Home', '2021-08-24', '04:26:00'),
(81, '144.86.173.76', 'Home', '2021-08-24', '10:31:00'),
(82, '179.189.86.161', 'Home', '2021-08-24', '14:27:00'),
(83, '100.21.218.158', 'Home', '2021-08-24', '15:53:00'),
(84, '54.217.152.78', 'Home', '2021-08-24', '18:16:00'),
(85, '179.189.95.20', 'Home', '2021-08-24', '18:26:00'),
(86, '179.189.95.20', 'Redes', '2021-08-24', '18:26:00'),
(87, '179.189.95.20', 'Home', '2021-08-24', '18:26:00'),
(88, '179.189.95.20', 'Home', '2021-08-24', '18:38:00'),
(89, '173.252.87.4', 'Home', '2021-08-24', '18:48:00'),
(90, '173.252.87.2', 'Home', '2021-08-24', '18:48:00'),
(91, '179.189.95.20', 'Home', '2021-08-24', '19:24:00'),
(92, '156.146.56.117', 'Home', '2021-08-24', '20:16:00'),
(93, '156.146.56.117', 'Home', '2021-08-24', '20:16:00'),
(94, '18.237.121.67', 'Home', '2021-08-24', '21:32:00'),
(95, '52.36.81.200', 'Home', '2021-08-24', '21:32:00'),
(96, '54.214.159.30', 'Home', '2021-08-24', '21:33:00'),
(97, '91.240.109.1', 'Home', '2021-08-25', '04:32:00'),
(98, '179.189.95.20', 'Home', '2021-08-25', '04:35:00'),
(99, '124.126.78.186', 'Home', '2021-08-25', '04:47:00'),
(100, '124.126.78.180', 'Home', '2021-08-25', '05:04:00'),
(101, '144.86.173.149', 'Home', '2021-08-25', '06:27:00'),
(102, '157.55.39.44', 'Home', '2021-08-25', '07:52:00'),
(103, '66.249.72.153', 'Home', '2021-08-25', '08:01:00'),
(104, '66.249.72.157', 'Home', '2021-08-25', '08:01:00'),
(105, '66.249.72.153', 'Contato', '2021-08-25', '08:02:00'),
(106, '66.249.72.153', 'Contato', '2021-08-25', '08:02:00'),
(107, '66.249.72.155', 'Home', '2021-08-25', '08:02:00'),
(108, '66.249.72.153', 'Home', '2021-08-25', '08:02:00'),
(109, '66.249.72.155', 'Redes', '2021-08-25', '08:02:00'),
(110, '66.249.72.153', 'Portifólio', '2021-08-25', '08:03:00'),
(111, '66.249.72.153', 'Redes', '2021-08-25', '08:03:00'),
(112, '179.189.86.161', 'Home', '2021-08-25', '08:13:00'),
(113, '152.235.122.22', 'Home', '2021-08-25', '13:10:00'),
(114, '35.184.13.183', 'Home', '2021-08-25', '15:05:00'),
(115, '66.249.72.155', 'Contato', '2021-08-25', '16:12:00'),
(116, '54.195.164.199', 'Home', '2021-08-25', '18:16:00'),
(117, '157.55.39.44', 'Home', '2021-08-25', '21:10:00'),
(118, '35.85.64.207', 'Home', '2021-08-25', '21:12:00'),
(119, '114.119.156.60', 'Redes', '2021-08-25', '22:11:00'),
(120, '66.249.72.157', 'Home', '2021-08-25', '23:27:00'),
(121, '54.36.148.238', 'Home', '2021-08-26', '02:38:00'),
(122, '66.249.72.153', 'Home', '2021-08-26', '03:30:00'),
(123, '35.84.141.184', 'Home', '2021-08-26', '04:56:00'),
(124, '177.25.219.236', 'Home', '2021-08-26', '06:53:00'),
(125, '179.189.86.161', 'Home', '2021-08-26', '10:01:00'),
(126, '179.189.86.161', 'Home', '2021-08-26', '10:01:00'),
(127, '54.214.123.72', 'Home', '2021-08-26', '11:04:00'),
(128, '91.240.109.1', 'Home', '2021-08-26', '11:26:00'),
(129, '114.119.156.46', 'Contato', '2021-08-26', '13:29:00'),
(130, '179.189.86.161', 'Home', '2021-08-26', '13:37:00'),
(131, '114.119.156.71', 'Portifólio', '2021-08-26', '16:39:00'),
(132, '34.242.47.41', 'Home', '2021-08-26', '18:15:00'),
(133, '179.189.94.143', 'Home', '2021-08-26', '20:23:00'),
(134, '179.189.95.20', 'Home', '2021-08-26', '22:30:00'),
(135, '54.36.148.50', 'Home', '2021-08-26', '22:40:00'),
(136, '66.249.72.153', 'Home', '2021-08-27', '03:03:00'),
(137, '114.119.156.46', 'Home', '2021-08-27', '07:04:00'),
(138, '137.226.113.44', 'Home', '2021-08-27', '07:12:00'),
(139, '179.189.86.161', 'Home', '2021-08-27', '08:01:00'),
(140, '114.119.150.1', 'Home', '2021-08-27', '09:31:00'),
(141, '66.249.73.28', 'Home', '2021-08-27', '09:38:00'),
(142, '18.118.194.110', 'Home', '2021-08-27', '11:48:00'),
(143, '179.189.95.20', 'Home', '2021-08-27', '12:23:00'),
(144, '66.249.73.26', 'Redes', '2021-08-27', '15:58:00'),
(145, '66.249.73.27', 'Home', '2021-08-27', '16:58:00'),
(146, '54.229.152.39', 'Home', '2021-08-27', '18:07:00'),
(147, '66.249.73.27', 'Home', '2021-08-27', '19:35:00'),
(148, '66.249.73.28', 'Home', '2021-08-27', '19:42:00'),
(149, '54.36.149.13', 'Home', '2021-08-27', '20:14:00'),
(150, '54.202.66.150', 'Home', '2021-08-27', '21:18:00'),
(151, '35.165.0.70', 'Home', '2021-08-27', '21:19:00'),
(152, '144.86.173.84', 'Home', '2021-08-27', '21:55:00'),
(153, '91.240.109.1', 'Home', '2021-08-27', '22:59:00'),
(154, '92.118.160.41', 'Home', '2021-08-28', '00:03:00'),
(155, '92.118.160.9', 'Home', '2021-08-28', '00:28:00'),
(156, '66.249.73.28', 'Home', '2021-08-28', '01:03:00'),
(157, '144.86.173.138', 'Home', '2021-08-28', '04:12:00'),
(158, '113.35.251.98', 'Home', '2021-08-28', '14:09:00'),
(159, '66.249.73.27', 'Home', '2021-08-28', '17:47:00'),
(160, '54.149.92.63', 'Home', '2021-08-28', '21:28:00'),
(161, '54.189.235.182', 'Home', '2021-08-28', '21:36:00'),
(162, '34.221.106.55', 'Home', '2021-08-28', '21:39:00'),
(163, '34.222.14.191', 'Home', '2021-08-28', '21:44:00'),
(164, '35.164.156.112', 'Home', '2021-08-28', '21:45:00'),
(165, '52.41.110.170', 'Home', '2021-08-28', '21:57:00'),
(166, '54.189.21.138', 'Home', '2021-08-28', '21:58:00'),
(167, '34.214.92.104', 'Home', '2021-08-28', '21:59:00'),
(168, '54.188.63.210', 'Home', '2021-08-28', '22:31:00'),
(169, '114.119.156.74', 'Serviços', '2021-08-29', '03:39:00'),
(170, '54.36.148.159', 'Home', '2021-08-29', '03:39:00'),
(171, '91.240.109.1', 'Home', '2021-08-29', '06:07:00'),
(172, '3.215.181.106', 'Home', '2021-08-29', '08:10:00'),
(173, '66.249.73.27', 'Home', '2021-08-29', '09:30:00'),
(174, '167.71.219.128', 'Home', '2021-08-29', '14:27:00'),
(175, '167.71.219.128', 'Home', '2021-08-29', '14:27:00'),
(176, '66.249.73.28', 'Redes', '2021-08-29', '16:15:00'),
(177, '167.71.219.128', 'Home', '2021-08-29', '20:04:00'),
(178, '167.71.219.128', 'Home', '2021-08-29', '20:04:00'),
(179, '179.189.95.20', 'Home', '2021-08-29', '20:37:00'),
(180, '52.41.157.177', 'Home', '2021-08-29', '21:22:00'),
(181, '66.249.73.27', 'Home', '2021-08-29', '21:30:00'),
(182, '92.118.160.37', 'Home', '2021-08-30', '01:43:00'),
(183, '54.36.148.65', 'Home', '2021-08-30', '06:46:00'),
(184, '66.249.73.26', 'Home', '2021-08-30', '07:19:00'),
(185, '2.57.122.18', 'Home', '2021-08-30', '10:01:00'),
(186, '2.57.122.18', 'Home', '2021-08-30', '10:01:00'),
(187, '2.57.122.18', 'Home', '2021-08-30', '10:01:00'),
(188, '2.57.122.18', 'Home', '2021-08-30', '10:02:00'),
(189, '91.240.109.1', 'Home', '2021-08-30', '12:36:00'),
(190, '179.189.86.161', 'Home', '2021-08-30', '14:37:00'),
(191, '34.243.180.127', 'Home', '2021-08-30', '18:32:00'),
(192, '34.220.80.5', 'Home', '2021-08-30', '21:26:00'),
(193, '66.249.73.26', 'Home', '2021-08-30', '23:11:00'),
(194, '45.129.18.24', 'Home', '2021-08-31', '08:55:00'),
(195, '179.189.86.161', 'Home', '2021-08-31', '13:30:00'),
(196, '179.189.86.161', 'Home', '2021-08-31', '14:22:00'),
(197, '66.249.73.28', 'Home', '2021-08-31', '14:43:00'),
(198, '176.34.168.195', 'Home', '2021-08-31', '18:34:00'),
(199, '54.36.148.59', 'Home', '2021-08-31', '19:25:00'),
(200, '179.189.95.20', 'Home', '2021-08-31', '21:08:00'),
(201, '179.189.95.20', 'Home', '2021-08-31', '21:21:00'),
(202, '52.43.227.61', 'Home', '2021-08-31', '21:28:00'),
(203, '18.237.171.164', 'Home', '2021-08-31', '21:54:00'),
(204, '66.220.149.41', 'Home', '2021-08-31', '22:28:00'),
(205, '91.240.109.1', 'Home', '2021-08-31', '23:55:00'),
(206, '54.203.73.198', 'Home', '2021-09-01', '06:29:00'),
(207, '114.119.156.59', 'Portifólio', '2021-09-01', '11:44:00'),
(208, '66.249.73.26', 'Home', '2021-09-01', '16:47:00'),
(209, '157.55.39.44', 'Home', '2021-09-01', '17:29:00'),
(210, '52.215.73.56', 'Home', '2021-09-01', '18:38:00'),
(211, '158.46.168.88', 'Home', '2021-09-01', '20:00:00'),
(212, '167.71.219.128', 'Home', '2021-09-01', '20:02:00'),
(213, '167.71.219.128', 'Home', '2021-09-01', '20:02:00'),
(214, '173.252.111.22', 'Home', '2021-09-01', '20:53:00'),
(215, '173.252.111.17', 'Home', '2021-09-01', '20:53:00'),
(216, '177.177.22.154', 'Home', '2021-09-01', '21:12:00'),
(217, '179.189.95.20', 'Home', '2021-09-01', '21:24:00'),
(218, '34.214.146.39', 'Home', '2021-09-01', '21:42:00'),
(219, '54.186.48.47', 'Home', '2021-09-01', '21:43:00'),
(220, '114.119.156.59', 'Redes', '2021-09-01', '21:45:00'),
(221, '34.222.33.114', 'Home', '2021-09-01', '21:47:00'),
(222, '34.214.146.39', 'Home', '2021-09-01', '21:48:00'),
(223, '52.13.60.251', 'Home', '2021-09-01', '21:49:00'),
(224, '52.25.64.217', 'Home', '2021-09-01', '22:07:00'),
(225, '114.119.149.183', 'Home', '2021-09-01', '23:40:00'),
(226, '142.54.177.5', 'Home', '2021-09-02', '01:37:00'),
(227, '114.119.156.60', 'Home', '2021-09-02', '05:52:00'),
(228, '179.189.95.20', 'Home', '2021-09-02', '07:15:00'),
(229, '173.252.79.31', 'Home', '2021-09-02', '08:04:00'),
(230, '179.189.86.161', 'Home', '2021-09-02', '08:19:00'),
(231, '179.189.86.161', 'Home', '2021-09-02', '08:20:00'),
(232, '66.249.73.27', 'Home', '2021-09-02', '08:45:00'),
(233, '66.249.73.27', 'Home', '2021-09-02', '08:45:00'),
(234, '66.249.73.28', 'Serviços', '2021-09-02', '08:50:00'),
(235, '66.249.73.26', 'Home', '2021-09-02', '08:50:00'),
(236, '66.249.73.28', 'Redes', '2021-09-02', '08:50:00'),
(237, '66.249.73.28', 'Serviços', '2021-09-02', '08:50:00'),
(238, '66.249.73.26', 'Portifólio', '2021-09-02', '08:50:00'),
(239, '66.249.73.27', 'Portifólio', '2021-09-02', '08:50:00'),
(240, '66.249.73.27', 'Redes', '2021-09-02', '08:50:00'),
(241, '54.36.149.103', 'Home', '2021-09-02', '09:42:00');

-- --------------------------------------------------------

--
-- Estrutura da tabela `clientes`
--

CREATE TABLE `clientes` (
  `id` int(10) NOT NULL,
  `nome` varchar(150) NOT NULL,
  `cnpjcpf` varchar(25) DEFAULT NULL,
  `telefone` varchar(13) DEFAULT NULL,
  `celular` varchar(14) DEFAULT NULL,
  `email` varchar(150) DEFAULT NULL,
  `p_juridica` tinyint(1) NOT NULL,
  `obs` text
) ENGINE=InnoDB DEFAULT CHARSET=latin1;

--
-- Extraindo dados da tabela `clientes`
--

INSERT INTO `clientes` (`id`, `nome`, `cnpjcpf`, `telefone`, `celular`, `email`, `p_juridica`, `obs`) VALUES
(1, 'Doces H&M Ltda.', '12374131000118', '3436719049', '34988680595', 'contato@doceshem.com.br', 1, '');

-- --------------------------------------------------------

--
-- Estrutura da tabela `itens_orcamento`
--

CREATE TABLE `itens_orcamento` (
  `id_itens_orc` int(10) NOT NULL,
  `orcamento_cod` int(10) NOT NULL,
  `produto_id` int(10) NOT NULL,
  `qnt_iten` int(10) NOT NULL
) ENGINE=InnoDB DEFAULT CHARSET=latin1;

-- --------------------------------------------------------

--
-- Estrutura da tabela `login_erp`
--

CREATE TABLE `login_erp` (
  `id` int(10) NOT NULL,
  `cod_user` int(10) DEFAULT NULL,
  `data_acesso` date DEFAULT NULL,
  `hora_acesso` time DEFAULT NULL
) ENGINE=InnoDB DEFAULT CHARSET=latin1;

--
-- Extraindo dados da tabela `login_erp`
--

INSERT INTO `login_erp` (`id`, `cod_user`, `data_acesso`, `hora_acesso`) VALUES
(9, 1, '2021-08-22', '13:53:22'),
(10, 1, '2021-08-22', '14:00:27'),
(11, 1, '2021-08-22', '14:03:51'),
(12, 1, '2021-08-22', '16:30:44'),
(13, 2, '2021-08-22', '16:45:51'),
(14, 1, '2021-08-22', '17:13:20'),
(15, 1, '2021-08-22', '22:32:07'),
(16, 1, '2021-08-22', '22:37:37'),
(17, 1, '2021-08-22', '23:15:51'),
(18, 1, '2021-08-23', '07:58:26'),
(19, 1, '2021-08-23', '09:27:16'),
(20, 1, '2021-08-23', '13:00:43'),
(21, 1, '2021-08-23', '20:51:21'),
(22, 1, '2021-08-24', '08:11:11'),
(23, 1, '2021-08-24', '09:44:59'),
(24, 1, '2021-08-24', '09:56:47'),
(25, 1, '2021-08-24', '09:57:08'),
(26, 1, '2021-08-24', '13:41:30'),
(27, 1, '2021-08-24', '14:28:06'),
(28, 1, '2021-08-24', '19:47:10'),
(29, 1, '2021-08-25', '08:10:04'),
(30, 1, '2021-08-25', '08:36:20'),
(31, 1, '2021-08-25', '13:10:49'),
(32, 1, '2021-08-25', '21:54:13'),
(33, 1, '2021-08-26', '10:23:17'),
(34, 1, '2021-08-26', '14:31:53'),
(35, 1, '2021-08-26', '16:41:15'),
(36, 1, '2021-08-26', '20:30:57'),
(37, 1, '2021-08-26', '20:33:31'),
(38, 2, '2021-08-26', '20:42:54'),
(39, 1, '2021-08-26', '21:03:50'),
(40, 1, '2021-08-26', '21:04:10'),
(41, 2, '2021-08-26', '21:05:49'),
(42, 1, '2021-08-26', '21:06:25'),
(43, 1, '2021-08-26', '22:17:03'),
(44, 1, '2021-08-26', '22:33:57'),
(45, 1, '2021-08-26', '22:44:47'),
(46, 1, '2021-08-26', '23:42:35'),
(47, 1, '2021-08-27', '08:13:36'),
(48, 1, '2021-08-27', '12:23:19'),
(49, 1, '2021-08-28', '22:00:39'),
(50, 1, '2021-08-30', '14:32:48'),
(51, 1, '2021-08-31', '09:33:16'),
(52, 1, '2021-08-31', '21:08:07'),
(53, 1, '2021-09-01', '11:39:30'),
(54, 1, '2021-09-01', '13:53:36'),
(55, 1, '2021-09-01', '14:04:11'),
(56, 1, '2021-09-01', '20:42:27'),
(57, 1, '2021-09-02', '09:25:56');

-- --------------------------------------------------------

--
-- Estrutura da tabela `orcamento`
--

CREATE TABLE `orcamento` (
  `id_orcamento` int(10) NOT NULL,
  `empresa_cod` int(10) NOT NULL,
  `data_orcamento` date DEFAULT NULL,
  `status_orcamento` tinyint(1) DEFAULT NULL
) ENGINE=InnoDB DEFAULT CHARSET=latin1;

-- --------------------------------------------------------

--
-- Estrutura da tabela `servicos`
--

CREATE TABLE `servicos` (
  `id_servico` int(10) NOT NULL,
  `servico` varchar(100) NOT NULL,
  `custo` float NOT NULL,
  `valor_uni` float NOT NULL
) ENGINE=InnoDB DEFAULT CHARSET=latin1;

--
-- Extraindo dados da tabela `servicos`
--

INSERT INTO `servicos` (`id_servico`, `servico`, `custo`, `valor_uni`) VALUES
(1, 'Arte para Rede Social', 0, 30),
(4, 'Desenvolvimento de website institucional', 0, 750),
(5, 'Arte para cartão de visita', 0, 20);

-- --------------------------------------------------------

--
-- Estrutura da tabela `usuarios`
--

CREATE TABLE `usuarios` (
  `id` int(10) NOT NULL,
  `nome` varchar(150) NOT NULL,
  `usuario` varchar(30) NOT NULL,
  `senha` varchar(32) NOT NULL
) ENGINE=InnoDB DEFAULT CHARSET=utf8;

--
-- Extraindo dados da tabela `usuarios`
--

INSERT INTO `usuarios` (`id`, `nome`, `usuario`, `senha`) VALUES
(1, 'Administrador', 'admin', '8660e54976849c068458f4fe00642767'),
(2, 'Jefferson', 'jefferson', '44968aece94f667e4095002d140b5896'),
(30, 'asdf', 'asdf', '912ec803b2ce49e4a541068d495ab570');

-- --------------------------------------------------------

--
-- Estrutura da tabela `vendas`
--

CREATE TABLE `vendas` (
  `id_venda` int(10) NOT NULL,
  `cliente` int(10) NOT NULL,
  `servico` varchar(100) NOT NULL,
  `descricao` text,
  `data_venda` date DEFAULT NULL,
  `data_venc` date NOT NULL,
  `qnt` int(10) NOT NULL,
  `valor_unitario` float DEFAULT NULL,
  `pago` tinyint(1) NOT NULL,
  `obs` text NOT NULL,
  `img` varchar(150) NOT NULL DEFAULT '0'
) ENGINE=InnoDB DEFAULT CHARSET=latin1;

--
-- Extraindo dados da tabela `vendas`
--

INSERT INTO `vendas` (`id_venda`, `cliente`, `servico`, `descricao`, `data_venda`, `data_venc`, `qnt`, `valor_unitario`, `pago`, `obs`, `img`) VALUES
(1, 1, '1', 'Arte para rede social, imagem única com o tema Vaga de Emprego', '2021-08-19', '2021-09-15', 1, 30, 0, '', '1ef163e9fe5c48eb6c05b9c5bbba2359.png'),
(2, 1, '1', 'Arte para redes sociais, imagem única com o tema Produtos', '2021-08-20', '2021-09-15', 1, 30, 0, '', '3156cf67c7151df3681ab671d7a44f2a.png'),
(3, 1, '1', 'Arte para Redes Sociais com o tema produtos', '2021-08-26', '2021-09-15', 1, 30, 0, '', '2771193f8553328f9a678f2d34059dde.png');

--
-- Índices para tabelas despejadas
--

--
-- Índices para tabela `acessos_site`
--
ALTER TABLE `acessos_site`
  ADD PRIMARY KEY (`id`);

--
-- Índices para tabela `clientes`
--
ALTER TABLE `clientes`
  ADD PRIMARY KEY (`id`);

--
-- Índices para tabela `itens_orcamento`
--
ALTER TABLE `itens_orcamento`
  ADD PRIMARY KEY (`id_itens_orc`),
  ADD KEY `FK_OrcaItens` (`orcamento_cod`),
  ADD KEY `FK_ServidoId` (`produto_id`);

--
-- Índices para tabela `login_erp`
--
ALTER TABLE `login_erp`
  ADD PRIMARY KEY (`id`),
  ADD KEY `FK_loginUsuarioID` (`cod_user`);

--
-- Índices para tabela `orcamento`
--
ALTER TABLE `orcamento`
  ADD PRIMARY KEY (`id_orcamento`),
  ADD KEY `FK_OrcaEmpresa` (`empresa_cod`);

--
-- Índices para tabela `servicos`
--
ALTER TABLE `servicos`
  ADD PRIMARY KEY (`id_servico`) USING BTREE;

--
-- Índices para tabela `usuarios`
--
ALTER TABLE `usuarios`
  ADD PRIMARY KEY (`id`);

--
-- Índices para tabela `vendas`
--
ALTER TABLE `vendas`
  ADD PRIMARY KEY (`id_venda`),
  ADD KEY `FK_CliVendas` (`cliente`);

--
-- AUTO_INCREMENT de tabelas despejadas
--

--
-- AUTO_INCREMENT de tabela `acessos_site`
--
ALTER TABLE `acessos_site`
  MODIFY `id` int(10) NOT NULL AUTO_INCREMENT, AUTO_INCREMENT=242;

--
-- AUTO_INCREMENT de tabela `clientes`
--
ALTER TABLE `clientes`
  MODIFY `id` int(10) NOT NULL AUTO_INCREMENT, AUTO_INCREMENT=7;

--
-- AUTO_INCREMENT de tabela `itens_orcamento`
--
ALTER TABLE `itens_orcamento`
  MODIFY `id_itens_orc` int(10) NOT NULL AUTO_INCREMENT, AUTO_INCREMENT=30;

--
-- AUTO_INCREMENT de tabela `login_erp`
--
ALTER TABLE `login_erp`
  MODIFY `id` int(10) NOT NULL AUTO_INCREMENT, AUTO_INCREMENT=58;

--
-- AUTO_INCREMENT de tabela `orcamento`
--
ALTER TABLE `orcamento`
  MODIFY `id_orcamento` int(10) NOT NULL AUTO_INCREMENT, AUTO_INCREMENT=30;

--
-- AUTO_INCREMENT de tabela `servicos`
--
ALTER TABLE `servicos`
  MODIFY `id_servico` int(10) NOT NULL AUTO_INCREMENT, AUTO_INCREMENT=6;

--
-- AUTO_INCREMENT de tabela `usuarios`
--
ALTER TABLE `usuarios`
  MODIFY `id` int(10) NOT NULL AUTO_INCREMENT, AUTO_INCREMENT=31;

--
-- AUTO_INCREMENT de tabela `vendas`
--
ALTER TABLE `vendas`
  MODIFY `id_venda` int(10) NOT NULL AUTO_INCREMENT, AUTO_INCREMENT=4;

--
-- Restrições para despejos de tabelas
--

--
-- Limitadores para a tabela `itens_orcamento`
--
ALTER TABLE `itens_orcamento`
  ADD CONSTRAINT `FK_OrcaItens` FOREIGN KEY (`orcamento_cod`) REFERENCES `orcamento` (`id_orcamento`) ON DELETE CASCADE,
  ADD CONSTRAINT `FK_ServidoId` FOREIGN KEY (`produto_id`) REFERENCES `servicos` (`id_servico`);

--
-- Limitadores para a tabela `login_erp`
--
ALTER TABLE `login_erp`
  ADD CONSTRAINT `FK_loginUsuarioID` FOREIGN KEY (`cod_user`) REFERENCES `usuarios` (`id`);

--
-- Limitadores para a tabela `orcamento`
--
ALTER TABLE `orcamento`
  ADD CONSTRAINT `FK_OrcaEmpresa` FOREIGN KEY (`empresa_cod`) REFERENCES `clientes` (`id`);

--
-- Limitadores para a tabela `vendas`
--
ALTER TABLE `vendas`
  ADD CONSTRAINT `FK_CliVendas` FOREIGN KEY (`cliente`) REFERENCES `clientes` (`id`);
COMMIT;

/*!40101 SET CHARACTER_SET_CLIENT=@OLD_CHARACTER_SET_CLIENT */;
/*!40101 SET CHARACTER_SET_RESULTS=@OLD_CHARACTER_SET_RESULTS */;
/*!40101 SET COLLATION_CONNECTION=@OLD_COLLATION_CONNECTION */;
